{
  "view/Home.view.xml": 1750848009015,
  "manifest.json": 1750848109711,
  "controller/Success.controller.js": 1750848199440,
  "controller/Signup.controller.js": 1751000340947,
  "controller/Payment.controller.js": 1750848180008,
  "controller/Orders.controller.js": 1750848172804,
  "controller/Login.controller.js": 1750848165828,
  "controller/Home.controller.js": 1750848135519,
  "controller/Dashboard.controller.js": 1750848157284,
  "controller/Cart.controller.js": 1750848143783,
  "controller/App.controller.js": 1750846515955,
  "model/models.js": 1750846515951,
  "Component.js": 1750846515947,
  "controller/Orders-dbg.controller.js": 1750848172804,
  "controller/Orders.controller.js.map": 1751003755105,
  "controller/Signup-dbg.controller.js": 1751000340947,
  "controller/Signup.controller.js.map": 1751003755108,
  "controller/Payment-dbg.controller.js": 1750848180008,
  "controller/Payment.controller.js.map": 1751003755111,
  "controller/Success-dbg.controller.js": 1750848199440,
  "controller/Success.controller.js.map": 1751003755103,
  "controller/Login-dbg.controller.js": 1750848165828,
  "controller/Login.controller.js.map": 1751003755109,
  "controller/Home-dbg.controller.js": 1750848135519,
  "controller/Home.controller.js.map": 1751003755108,
  "controller/Dashboard-dbg.controller.js": 1750848157284,
  "controller/Dashboard.controller.js.map": 1751003755117,
  "controller/Cart-dbg.controller.js": 1750848143783,
  "controller/Cart.controller.js.map": 1751003755115,
  "controller/App-dbg.controller.js": 1750846515955,
  "controller/App.controller.js.map": 1751003755111,
  "model/models-dbg.js": 1750846515951,
  "model/models.js.map": 1751003755113,
  "Component-dbg.js": 1750846515947,
  "Component.js.map": 1751003755113,
  "Component-preload.js": 1751003755201,
  "Component-preload.js.map": 1751003755201,
  "view/Success.view.xml": 1750848077231,
  "view/Signup.view.xml": 1750848070931,
  "view/Payment.view.xml": 1750848065027,
  "view/Orders.view.xml": 1750848056015,
  "view/Login.view.xml": 1750848048955,
  "i18n/i18n.properties": 1750846515951,
  "view/Dashboard.view.xml": 1750848040507,
  "view/Cart.view.xml": 1750848033747,
  "view/App.view.xml": 1750846515955,
  "css/style.css": 1750846991388,
  "index.html": 1750846515947
}